"chr","pos","alt","type","effect","gene_name","gene","protein_coding","NA_change","AA_change","snp"
"Chromosome",763884,"T","missense_variant","MODERATE","rpoC","Rv0668","protein_coding","c.515C>T","p.Ala172Val","Chromosome_763884_T"
"Chromosome",764817,"G","missense_variant","MODERATE","rpoC","Rv0668","protein_coding","c.1448T>G","p.Val483Gly","Chromosome_764817_G"
"Chromosome",764840,"G","missense_variant","MODERATE","rpoC","Rv0668","protein_coding","c.1471A>G","p.Ile491Val","Chromosome_764840_G"
"Chromosome",764841,"C","missense_variant","MODERATE","rpoC","Rv0668","protein_coding","c.1472T>C","p.Ile491Thr","Chromosome_764841_C"
"Chromosome",764936,"G","missense_variant","MODERATE","rpoC","Rv0668","protein_coding","c.1567C>G","p.Gln523Glu","Chromosome_764936_G"
"Chromosome",765084,"A","missense_variant","MODERATE","rpoC","Rv0668","protein_coding","c.1715G>A","p.Arg572His","Chromosome_765084_A"
"Chromosome",765150,"A","missense_variant","MODERATE","rpoC","Rv0668","protein_coding","c.1781G>A","p.Gly594Glu","Chromosome_765150_A"
"Chromosome",765171,"T","missense_variant","MODERATE","rpoC","Rv0668","protein_coding","c.1802C>T","p.Pro601Leu","Chromosome_765171_T"
"Chromosome",765230,"A","missense_variant","MODERATE","rpoC","Rv0668","protein_coding","c.1861G>A","p.Ala621Thr","Chromosome_765230_A"
"Chromosome",765605,"G","missense_variant","MODERATE","rpoC","Rv0668","protein_coding","c.2236C>G","p.Leu746Val","Chromosome_765605_G"
"Chromosome",766645,"C","missense_variant","MODERATE","rpoC","Rv0668","protein_coding","c.3276A>C","p.Glu1092Asp","Chromosome_766645_C"
"Chromosome",766667,"G","missense_variant","MODERATE","rpoC","Rv0668","protein_coding","c.3298T>G","p.Ser1100Ala","Chromosome_766667_G"
"Chromosome",766961,"A","missense_variant","MODERATE","rpoC","Rv0668","protein_coding","c.3592G>A","p.Gly1198Ser","Chromosome_766961_A"
